resample,F1-Score,Accuracy,Sensitivity,AUC
NONE,0.91640421,0.8467961677067768,0.319205298013245,0.588968061278914
NONE,0.91640421,0.7769476429052767,0.4980132450331125,0.6406353377610433
NONE,0.91640421,0.7056634730889807,0.6251655629139072,0.6663249914281905
NONE,0.91640421,0.9778793472210014,0.0,0.5
NONE,0.91640421,0.9403474846913364,0.4264900662251655,0.6892307713676163
NONE,0.91640421,0.920541443262723,0.4900662251655629,0.710172733867537
NONE,0.91640421,0.8101139726348481,0.7933774834437086,0.8019350264773673
NONE,0.91640421,0.9777035539538836,0.1496688741721854,0.5730517189652873
NONE,0.91640421,0.8147138964577657,0.7377483443708609,0.7771016410253153
NONE,0.91640421,0.8140400222671472,0.7377483443708609,0.7767570820607901
NONE,0.91640421,0.8514839881632533,0.6503311258278146,0.7531827009771863
NONE,0.91640421,0.9778793472210014,0.0,0.5
ROS,0.91640421,0.7655503794204682,0.5350993377483444,0.6529313802835682
ROS,0.91640421,0.765901965954704,0.5298013245033113,0.6505220668537649
ROS,0.91640421,0.6988954323049427,0.6609271523178808,0.6803407333976749
ROS,0.91640421,0.7224224312208842,0.7086092715231788,0.7156720854260188
ROS,0.91640421,0.9147109665699804,0.5046357615894039,0.7143115289250951
ROS,0.91640421,0.9156485306612756,0.5178807947019868,0.7212636236213673
ROS,0.91640421,0.8153584717705312,0.7907284768211921,0.8033220524086784
ROS,0.91640421,0.8858515718847968,0.7298013245033113,0.8095914580330554
ROS,0.91640421,0.8140693211450002,0.7390728476821192,0.7774193337164192
ROS,0.91640421,0.8140693211450002,0.7390728476821192,0.7774193337164192
ROS,0.91640421,0.8514839881632533,0.6503311258278146,0.7531827009771863
ROS,0.91640421,0.815680759426914,0.7337748344370861,0.775654195742033
SMOTE,0.91640421,0.925903137909818,0.1403973509933775,0.5420347253528729
SMOTE,0.91640421,0.9228853534909612,0.1576158940397351,0.54890622122888
SMOTE,0.91640421,0.6941490140927602,0.6649006622516557,0.679855652314706
SMOTE,0.91640421,0.776596056371041,0.5920529801324503,0.6864117968735118
SMOTE,0.91640421,0.9715800884826112,0.3245033112582781,0.655360476338631
SMOTE,0.91640421,0.9694119715214908,0.4052980132450331,0.6937354160184898
SMOTE,0.91640421,0.8105241569247897,0.7880794701986755,0.7995556746966532
SMOTE,0.91640421,0.9283935425273212,0.6251655629139072,0.7802092196161099
SMOTE,0.91640421,0.8147138964577657,0.7377483443708609,0.7771016410253153
SMOTE,0.91640421,0.8147138964577657,0.7377483443708609,0.7771016410253153
SMOTE,0.91640421,0.8514839881632533,0.6503311258278146,0.7531827009771863
SMOTE,0.91640421,0.815680759426914,0.7337748344370861,0.775654195742033
ADA,0.91640421,0.9213911107204594,0.1298013245033112,0.5345495117243306
ADA,0.91640421,0.9223286748117548,0.1245033112582781,0.532439814785419
ADA,0.91640421,0.6884943306671355,0.6728476821192053,0.6808479781641089
ADA,0.91640421,0.771117166212534,0.5748344370860927,0.6751958618795756
ADA,0.91640421,0.9708183176584336,0.3139072847682119,0.6497928082517954
ADA,0.91640421,0.9674489467053412,0.3960264900662251,0.6882008049564108
ADA,0.91640421,0.7924174504116492,0.8211920529801324,0.8064792959052148
ADA,0.91640421,0.921918490521813,0.6649006622516557,0.7963165823242937
ADA,0.91640421,0.8147138964577657,0.7377483443708609,0.7771016410253153
ADA,0.91640421,0.8147138964577657,0.7377483443708609,0.7771016410253153
ADA,0.91640421,0.8514839881632533,0.6503311258278146,0.7531827009771863
ADA,0.91640421,0.815680759426914,0.7337748344370861,0.775654195742033
RUS,0.91640421,0.6873223755530163,0.7298013245033113,0.7080813909189615
RUS,0.91640421,0.6599572236383346,0.752317880794702,0.7050929049227584
RUS,0.91640421,0.6969617063666461,0.5960264900662252,0.647635728254589
RUS,0.91640421,0.6577891066772142,0.785430463576159,0.7201660946835733
RUS,0.91640421,0.818288359555829,0.8635761589403973,0.8404200305727872
RUS,0.91640421,0.7972224663795376,0.8317880794701987,0.814114317779203
RUS,0.91640421,0.815680759426914,0.7615894039735099,0.7892468831948087
RUS,0.91640421,0.8189622337464475,0.8503311258278146,0.8342918812264671
RUS,0.91640421,0.8114031232603791,0.7377483443708609,0.7754088078517776
RUS,0.91640421,0.8111394333597023,0.7377483443708609,0.7752739804308764
RUS,0.91640421,0.8514839881632533,0.6503311258278146,0.7531827009771863
RUS,0.91640421,0.815680759426914,0.7337748344370861,0.775654195742033
RUS,0.91640421,0.6873223755530163,0.7298013245033113,0.7080813909189615
RUS,0.91640421,0.6599572236383346,0.752317880794702,0.7050929049227584
RUS,0.91640421,0.6969617063666461,0.5960264900662252,0.647635728254589
RUS,0.91640421,0.6577891066772142,0.785430463576159,0.7201660946835733
RUS,0.91640421,0.818288359555829,0.8635761589403973,0.8404200305727872
RUS,0.91640421,0.7972224663795376,0.8317880794701987,0.814114317779203
RUS,0.91640421,0.815680759426914,0.7615894039735099,0.7892468831948087
RUS,0.91640421,0.8189622337464475,0.8503311258278146,0.8342918812264671
RUS,0.91640421,0.8114031232603791,0.7377483443708609,0.7754088078517776
RUS,0.91640421,0.8111394333597023,0.7377483443708609,0.7752739804308764
RUS,0.91640421,0.8514839881632533,0.6503311258278146,0.7531827009771863
RUS,0.91640421,0.815680759426914,0.7337748344370861,0.775654195742033
RUS,0.91640421,0.6873223755530163,0.7298013245033113,0.7080813909189615
RUS,0.91640421,0.6599572236383346,0.752317880794702,0.7050929049227584
RUS,0.91640421,0.6969617063666461,0.5960264900662252,0.647635728254589
RUS,0.91640421,0.6577891066772142,0.785430463576159,0.7201660946835733
RUS,0.91640421,0.818288359555829,0.8635761589403973,0.8404200305727872
RUS,0.91640421,0.7972224663795376,0.8317880794701987,0.814114317779203
RUS,0.91640421,0.815680759426914,0.7615894039735099,0.7892468831948087
RUS,0.91640421,0.8189622337464475,0.8503311258278146,0.8342918812264671
RUS,0.91640421,0.8114031232603791,0.7377483443708609,0.7754088078517776
RUS,0.91640421,0.8111394333597023,0.7377483443708609,0.7752739804308764
RUS,0.91640421,0.8514839881632533,0.6503311258278146,0.7531827009771863
RUS,0.91640421,0.815680759426914,0.7337748344370861,0.775654195742033
RUS,0.91640421,0.6873223755530163,0.7298013245033113,0.7080813909189615
RUS,0.91640421,0.6599572236383346,0.752317880794702,0.7050929049227584
RUS,0.91640421,0.6969617063666461,0.5960264900662252,0.647635728254589
RUS,0.91640421,0.6577891066772142,0.785430463576159,0.7201660946835733
RUS,0.91640421,0.818288359555829,0.8635761589403973,0.8404200305727872
RUS,0.91640421,0.7972224663795376,0.8317880794701987,0.814114317779203
RUS,0.91640421,0.815680759426914,0.7615894039735099,0.7892468831948087
RUS,0.91640421,0.8189622337464475,0.8503311258278146,0.8342918812264671
RUS,0.91640421,0.8114031232603791,0.7377483443708609,0.7754088078517776
RUS,0.91640421,0.8111394333597023,0.7377483443708609,0.7752739804308764
RUS,0.91640421,0.8514839881632533,0.6503311258278146,0.7531827009771863
RUS,0.91640421,0.815680759426914,0.7337748344370861,0.775654195742033
RUS,0.91640421,0.6873223755530163,0.7298013245033113,0.7080813909189615
RUS,0.91640421,0.6599572236383346,0.752317880794702,0.7050929049227584
RUS,0.91640421,0.6969617063666461,0.5960264900662252,0.647635728254589
RUS,0.91640421,0.6577891066772142,0.785430463576159,0.7201660946835733
RUS,0.91640421,0.818288359555829,0.8635761589403973,0.8404200305727872
RUS,0.91640421,0.7972224663795376,0.8317880794701987,0.814114317779203
RUS,0.91640421,0.815680759426914,0.7615894039735099,0.7892468831948087
RUS,0.91640421,0.8189622337464475,0.8503311258278146,0.8342918812264671
RUS,0.91640421,0.8114031232603791,0.7377483443708609,0.7754088078517776
RUS,0.91640421,0.8111394333597023,0.7377483443708609,0.7752739804308764
RUS,0.91640421,0.8514839881632533,0.6503311258278146,0.7531827009771863
RUS,0.91640421,0.815680759426914,0.7337748344370861,0.775654195742033
RUS,0.91640421,0.6873223755530163,0.7298013245033113,0.7080813909189615
RUS,0.91640421,0.6599572236383346,0.752317880794702,0.7050929049227584
RUS,0.91640421,0.6969617063666461,0.5960264900662252,0.647635728254589
RUS,0.91640421,0.6577891066772142,0.785430463576159,0.7201660946835733
RUS,0.91640421,0.818288359555829,0.8635761589403973,0.8404200305727872
RUS,0.91640421,0.7972224663795376,0.8317880794701987,0.814114317779203
RUS,0.91640421,0.815680759426914,0.7615894039735099,0.7892468831948087
RUS,0.91640421,0.8189622337464475,0.8503311258278146,0.8342918812264671
RUS,0.91640421,0.8114031232603791,0.7377483443708609,0.7754088078517776
RUS,0.91640421,0.8111394333597023,0.7377483443708609,0.7752739804308764
RUS,0.91640421,0.8514839881632533,0.6503311258278146,0.7531827009771863
RUS,0.91640421,0.815680759426914,0.7337748344370861,0.775654195742033
ENN,0.91640421,0.8409363921361812,0.343046357615894,0.5976227713295194
ENN,0.91640421,0.7757170900354516,0.5165562913907285,0.6490679347653546
ENN,0.91640421,0.702528493158712,0.6344370860927152,0.669252939019512
ENN,0.91640421,0.974392780756497,0.014569536423841,0.5053372610211248
ENN,0.91640421,0.9358354575019776,0.4966887417218543,0.7212290784352321
ENN,0.91640421,0.9170841756760716,0.5509933774834437,0.7381794548011658
ENN,0.91640421,0.8052210600334008,0.7986754966887417,0.8020223121027601
ENN,0.91640421,0.9748029650464388,0.309933774834437,0.6498883878966049
ENN,0.91640421,0.8144502065570889,0.7377483443708609,0.7769668136044142
ENN,0.91640421,0.8140400222671472,0.7377483443708609,0.7767570820607901
ENN,0.91640421,0.8533591163458439,0.6450331125827815,0.7515523904237013
ENN,0.91640421,0.8983621927280185,0.3086092715231788,0.6101561458287035
TL,0.91640421,0.8443643608449797,0.3125827814569536,0.5844882986862908
TL,0.91640421,0.7768304473938649,0.5033112582781457,0.6431644977872032
TL,0.91640421,0.7040520348070669,0.6291390728476821,0.667442858571492
TL,0.91640421,0.9778793472210014,0.0,0.5
TL,0.91640421,0.9411678532712198,0.4410596026490066,0.6967702135967948
TL,0.91640421,0.920336351117752,0.4860927152317881,0.7081260556024712
TL,0.91640421,0.8096451905892005,0.7920529801324503,0.8010480624535693
TL,0.91640421,0.9779086460988544,0.1337748344370861,0.5653893347640848
TL,0.91640421,0.8147138964577657,0.7377483443708609,0.7771016410253153
TL,0.91640421,0.8140400222671472,0.7377483443708609,0.7767570820607901
TL,0.91640421,0.8514839881632533,0.6503311258278146,0.7531827009771863
TL,0.91640421,0.9778793472210014,0.0,0.5
NONE,0.95550074,0.915842507930584,0.4074074074074074,0.6695493839038192
NONE,0.95550074,0.8525844373950364,0.6049382716049383,0.7326211465779167
NONE,0.95550074,0.804254525097966,0.654320987654321,0.7316246077390327
NONE,0.95550074,0.9695838775891024,0.0123456790123456,0.505884211451526
NONE,0.95550074,0.9544691173726442,0.3888888888888889,0.6804940884698437
NONE,0.95550074,0.9275984325433848,0.5925925925925926,0.7653168850975278
NONE,0.95550074,0.8023885053181564,0.6604938271604939,0.7336527246250805
NONE,0.95550074,0.9699570815450644,0.1049382716049382,0.5509297861776856
NONE,0.95550074,0.748833737637619,0.6234567901234568,0.6880993783213014
NONE,0.95550074,0.743049076320209,0.6358024691358025,0.6910973092263581
NONE,0.95550074,0.4103377495801455,0.7098765432098766,0.555438560232993
NONE,0.95550074,0.9697704795670834,0.0,0.5
ROS,0.95550074,0.8253405486098153,0.5925925925925926,0.7125941604486918
ROS,0.95550074,0.8598619145362941,0.6481481481481481,0.7573047840990885
ROS,0.95550074,0.8016420974062325,0.6666666666666666,0.7362580976204219
ROS,0.95550074,0.8382160850905019,0.7469135802469136,0.7939878657440071
ROS,0.95550074,0.9242395969397276,0.5864197530864198,0.7605949063681089
ROS,0.95550074,0.9326366859488712,0.5925925925925926,0.76791453758935
ROS,0.95550074,0.8072401567456615,0.6666666666666666,0.739144378166891
ROS,0.95550074,0.9192013435342414,0.7407407407407407,0.8327525139147229
ROS,0.95550074,0.7270013062138458,0.6481481481481481,0.6888037257962215
ROS,0.95550074,0.7271879081918269,0.6481481481481481,0.6888999351477705
ROS,0.95550074,0.3972756111214779,0.7098765432098766,0.5487039056245651
ROS,0.95550074,0.7212166448964359,0.6234567901234568,0.6738603942920537
SMOTE,0.95550074,0.9068856129874976,0.3580246913580246,0.6410096518171691
SMOTE,0.95550074,0.9066990110095168,0.345679012345679,0.6349330216625452
SMOTE,0.95550074,0.7885799589475648,0.6728395061728395,0.7325136534135315
SMOTE,0.95550074,0.8682590035454376,0.6234567901234568,0.7496733633126424
SMOTE,0.95550074,0.9464452323194624,0.2777777777777778,0.6225332991255638
SMOTE,0.95550074,0.910804254525098,0.3950617283950617,0.6609713106089221
SMOTE,0.95550074,0.7979100578466132,0.6419753086419753,0.7223730689832928
SMOTE,0.95550074,0.9279716364993468,0.691358024691358,0.813352670225225
SMOTE,0.95550074,0.759843254338496,0.6111111111111112,0.6877953092596156
SMOTE,0.95550074,0.759843254338496,0.6111111111111112,0.6877953092596156
SMOTE,0.95550074,0.424146295950737,0.7037037037037037,0.5595678418460792
SMOTE,0.95550074,0.7299869378615413,0.6111111111111112,0.6724018130117804
ADA,0.95550074,0.9128568762828886,0.3209876543209876,0.6261470886575115
ADA,0.95550074,0.8917708527710394,0.2407407407407407,0.5764026967124908
ADA,0.95550074,0.8027617092741183,0.6851851851851852,0.7458059849343281
ADA,0.95550074,0.8591155066243702,0.6234567901234568,0.744959105086743
ADA,0.95550074,0.9507370778130247,0.2839506172839506,0.6277363246127277
ADA,0.95550074,0.943272998693786,0.1728395061728395,0.5700641633230947
ADA,0.95550074,0.7919387945512223,0.6728395061728395,0.7342454217414129
ADA,0.95550074,0.9152827019966412,0.7160493827160493,0.8187712759260448
ADA,0.95550074,0.759843254338496,0.6111111111111112,0.6877953092596156
ADA,0.95550074,0.759843254338496,0.6111111111111112,0.6877953092596156
ADA,0.95550074,0.4513901847359582,0.654320987654321,0.5496927239599294
ADA,0.95550074,0.799029669714499,0.5061728395061729,0.6571656962587626
RUS,0.95550074,0.7626422840082104,0.8333333333333334,0.7968860239881984
RUS,0.95550074,0.748833737637619,0.7962962962962963,0.7718252695643498
RUS,0.95550074,0.7581638365366673,0.6604938271604939,0.7108511083079745
RUS,0.95550074,0.8035081171860422,0.7222222222222222,0.7641320847497487
RUS,0.95550074,0.7880201530136219,0.845679012345679,0.8159509166019332
RUS,0.95550074,0.7837283075200597,0.8209876543209876,0.8017772599101571
RUS,0.95550074,0.7497667475275238,0.6604938271604939,0.7065216874882708
RUS,0.95550074,0.8133980220190334,0.7407407407407407,0.7782018115864566
RUS,0.95550074,0.7251352864340362,0.6666666666666666,0.6968122634853441
RUS,0.95550074,0.726068296323941,0.6666666666666666,0.6972933102430888
RUS,0.95550074,0.7850345213659264,0.382716049382716,0.5901457868618409
RUS,0.95550074,0.8445605523418548,0.4135802469135802,0.6357876220136499
ENN,0.95550074,0.9087516327673072,0.5185185185185185,0.7197172157726325
ENN,0.95550074,0.8290725881694346,0.5617283950617284,0.699567295471984
ENN,0.95550074,0.7889531629035268,0.6790123456790124,0.7356962825181669
ENN,0.95550074,0.9535361074827392,0.1851851851851851,0.581336098461363
ENN,0.95550074,0.9479380481433104,0.4938271604938271,0.7279603379917663
ENN,0.95550074,0.916588915842508,0.654320987654321,0.7895426373715131
ENN,0.95550074,0.7971636499346894,0.6666666666666666,0.7339490731832466
ENN,0.95550074,0.9615599925359208,0.382716049382716,0.6811598334271671
ENN,0.95550074,0.793618212353051,0.5493827160493827,0.6753070978746047
ENN,0.95550074,0.78764694905766,0.5617283950617284,0.6782088194281126
ENN,0.95550074,0.6531069229333831,0.4876543209876543,0.5729593521428554
ENN,0.95550074,0.9697704795670834,0.0,0.5
TL,0.95550074,0.9094980406792312,0.4506172839506173,0.6872097387619163
TL,0.95550074,0.8410151147602165,0.6111111111111112,0.7296463771834177
TL,0.95550074,0.804254525097966,0.654320987654321,0.7316246077390327
TL,0.95550074,0.9695838775891024,0.0123456790123456,0.505884211451526
TL,0.95550074,0.9544691173726442,0.3888888888888889,0.6804940884698437
TL,0.95550074,0.927785034521366,0.5925925925925926,0.7654130944490767
TL,0.95550074,0.7995894756484418,0.6604938271604939,0.7322095843518459
TL,0.95550074,0.9701436835230454,0.074074074074074,0.5360749435215473
TL,0.95550074,0.748833737637619,0.6234567901234568,0.6880993783213014
TL,0.95550074,0.743049076320209,0.6358024691358025,0.6910973092263581
TL,0.95550074,0.4103377495801455,0.7098765432098766,0.555438560232993
TL,0.95550074,0.9697704795670834,0.0,0.5
NONE,0.9267533,0.8642728734979658,0.3123359580052493,0.5933698867927679
NONE,0.9267533,0.7973791276374302,0.4383202099737532,0.6211449775599845
NONE,0.9267533,0.7092913236824676,0.6167979002624672,0.6638934820963539
NONE,0.9267533,0.981975588986659,0.0,0.5
NONE,0.9267533,0.943845207682846,0.4356955380577428,0.6944339809092008
NONE,0.9267533,0.9349512725896488,0.5958005249343832,0.7684884977613092
NONE,0.9267533,0.77713123285079,0.6745406824146981,0.7267774954203856
NONE,0.9267533,0.984009840098401,0.2519685039370078,0.624707574221238
NONE,0.9267533,0.8803576497303435,0.5905511811023622,0.7381141510368003
NONE,0.9267533,0.879600719084114,0.5905511811023622,0.7377287388866822
NONE,0.9267533,0.8246286309016936,0.5144356955380578,0.672378998224297
NONE,0.9267533,0.981975588986659,0.0,0.5
ROS,0.9267533,0.787917494559561,0.4593175853018372,0.6266333072724921
ROS,0.9267533,0.7875863374018356,0.4566929133858268,0.6251764417581926
ROS,0.9267533,0.7056959031128773,0.6299212598425197,0.6685040128764075
ROS,0.9267533,0.7412716434856657,0.6614173228346457,0.7020773563154296
ROS,0.9267533,0.9279023559466364,0.6561679790026247,0.7945290441816611
ROS,0.9267533,0.9284227457659192,0.5695538057742782,0.7522818409803125
ROS,0.9267533,0.7758066042198883,0.6745406824146981,0.7261030241576791
ROS,0.9267533,0.9006528526823729,0.7716535433070866,0.8373371055168184
ROS,0.9267533,0.8378276090453213,0.6614173228346457,0.751241493714861
ROS,0.9267533,0.8370706783990917,0.6614173228346457,0.7508560815647429
ROS,0.9267533,0.824675939067083,0.5144356955380578,0.6724030864836793
ROS,0.9267533,0.8728829595988268,0.5721784776902887,0.7252904721640248
SMOTE,0.9267533,0.9343835746049768,0.1154855643044619,0.532450109800735
SMOTE,0.9267533,0.916217239095468,0.1574803149606299,0.5438121813758682
SMOTE,0.9267533,0.7170971709717097,0.6036745406824147,0.6614268064013317
SMOTE,0.9267533,0.8235405430977387,0.5144356955380578,0.6718249682585024
SMOTE,0.9267533,0.9641877188002648,0.2545931758530184,0.6159028412386448
SMOTE,0.9267533,0.833427949664112,0.5013123359580053,0.6704181759763048
SMOTE,0.9267533,0.7759485287160564,0.7034120734908137,0.7403460136206778
SMOTE,0.9267533,0.9176364840571484,0.6771653543307087,0.7996078734846684
SMOTE,0.9267533,0.8856561642539502,0.5774278215223098,0.7343707975945124
SMOTE,0.9267533,0.8856561642539502,0.5774278215223098,0.7343707975945124
SMOTE,0.9267533,0.8247705553978617,0.5144356955380578,0.6724512630024441
SMOTE,0.9267533,0.8752010597029047,0.5721784776902887,0.7264707968737611
ADA,0.9267533,0.9339578011164728,0.1233595800524934,0.5360980585621623
ADA,0.9267533,0.9186299555303246,0.1312335958005249,0.5321582056181408
ADA,0.9267533,0.7137855993944555,0.6010498687664042,0.6584523805459424
ADA,0.9267533,0.8111931119311193,0.5249343832020997,0.6706909233541934
ADA,0.9267533,0.9618696186961868,0.2440944881889764,0.6095695257344169
ADA,0.9267533,0.8976251300974548,0.4330708661417323,0.6696115037939958
ADA,0.9267533,0.7494086479326332,0.7270341207349081,0.7384267293947702
ADA,0.9267533,0.938073611505346,0.5958005249343832,0.7700783228805461
ADA,0.9267533,0.834516037468067,0.6430446194225722,0.7405375816677345
ADA,0.9267533,0.834516037468067,0.6430446194225722,0.7405375816677345
ADA,0.9267533,0.8135112120351973,0.5144356955380578,0.6667182572694385
ADA,0.9267533,0.8413757214495222,0.6351706036745407,0.7401656361823106
RUS,0.9267533,0.6635443277509698,0.7480314960629921,0.7050125202047388
RUS,0.9267533,0.6879553410918725,0.6325459317585301,0.660759163306639
RUS,0.9267533,0.7091493991862996,0.5826771653543307,0.6470739972361093
RUS,0.9267533,0.6641593339010313,0.7270341207349081,0.6950196859877267
RUS,0.9267533,0.7946825622102375,0.8293963254593176,0.811720853869997
RUS,0.9267533,0.7714542530040686,0.7637795275590551,0.767687326047678
RUS,0.9267533,0.7704134733655029,0.6561679790026247,0.714339228697728
RUS,0.9267533,0.8017787870186395,0.6902887139107612,0.7470569647503413
RUS,0.9267533,0.827277888163497,0.6351706036745407,0.7329873348863621
RUS,0.9267533,0.8374491437222065,0.6325459317585301,0.7368780629549504
RUS,0.9267533,0.8253382533825339,0.5144356955380578,0.6727403221150327
RUS,0.9267533,0.8729302677642161,0.4960629921259842,0.6879553771633439
ENN,0.9267533,0.8619074652284985,0.3385826771653543,0.6050479508098777
ENN,0.9267533,0.7946352540448481,0.4409448818897638,0.6210361062144296
ENN,0.9267533,0.7021950988740656,0.6325459317585301,0.6680097293807346
ENN,0.9267533,0.9779543949285646,0.0131233595800524,0.5043937364456123
ENN,0.9267533,0.9428044280442804,0.4855643044619422,0.7183807454766231
ENN,0.9267533,0.9317816255085628,0.6561679790026247,0.796504281451016
ENN,0.9267533,0.7725423408080234,0.6666666666666666,0.7205761911644264
ENN,0.9267533,0.9808875011827042,0.3543307086614173,0.6733594093482932
ENN,0.9267533,0.8802630333995648,0.5905511811023622,0.7380659745180356
ENN,0.9267533,0.8795061027533352,0.5905511811023622,0.7376805623679176
ENN,0.9267533,0.8134639038698079,0.5144356955380578,0.666694169010056
ENN,0.9267533,0.9784747847478474,0.2047244094488189,0.5987007892982882
TL,0.9267533,0.8659759674519822,0.2992125984251969,0.587795825637419
TL,0.9267533,0.7972372031412622,0.4409448818897638,0.6223609604804603
TL,0.9267533,0.7105213359825906,0.6194225721784777,0.6658080245389184
TL,0.9267533,0.981975588986659,0.0,0.5
TL,0.9267533,0.943987132179014,0.4120734908136483,0.6829120163997422
TL,0.9267533,0.9348566562588704,0.5931758530183727,0.7671520735439217
TL,0.9267533,0.7759485287160564,0.6745406824146981,0.7261752889358262
TL,0.9267533,0.983867915602233,0.2467191601049868,0.6220588140458451
TL,0.9267533,0.8803576497303435,0.5905511811023622,0.7381141510368003
TL,0.9267533,0.879600719084114,0.5905511811023622,0.7377287388866822
TL,0.9267533,0.8246286309016936,0.5144356955380578,0.672378998224297
TL,0.9267533,0.981975588986659,0.0,0.5
RUS,0.82135674,0.6992920898738073,0.7323943661971831,0.7156603852146644
RUS,0.82135674,0.7072176054170514,0.6690140845070423,0.688326864876829
RUS,0.82135674,0.742305324715297,0.5633802816901409,0.6538311086371974
RUS,0.82135674,0.6755155432440751,0.6549295774647887,0.6653362684274309
RUS,0.82135674,0.7471529701446599,0.795774647887324,0.7711952436573698
RUS,0.82135674,0.7466143428747307,0.7816901408450704,0.7639584981493129
RUS,0.82135674,0.7049861495844876,0.6126760563380281,0.6593409844472153
RUS,0.82135674,0.6808248691905202,0.7394366197183099,0.709806998205195
RUS,0.82135674,0.2665435518621114,0.9366197183098592,0.5978804208477878
RUS,0.82135674,0.2665435518621114,0.9366197183098592,0.5978804208477878
RUS,0.82135674,0.2880886426592798,0.7394366197183099,0.5112695779469097
RUS,0.82135674,0.195906432748538,0.9507042253521126,0.5691361487737691
ENN,0.82135674,0.8977377654662974,0.5704225352112676,0.7358880997201507
ENN,0.82135674,0.886503539550631,0.6267605633802817,0.7580667606072095
ENN,0.82135674,0.7379963065558633,0.6267605633802817,0.6829928536521761
ENN,0.82135674,0.9882271468144044,0.0070422535211267,0.5030543459919311
ENN,0.82135674,0.927823945829486,0.5633802816901409,0.7476151447349102
ENN,0.82135674,0.9266697445367804,0.5845070422535211,0.7574783538636518
ENN,0.82135674,0.7151431209602955,0.6408450704225352,0.6784044863548805
ENN,0.82135674,0.9873807325330872,0.0774647887323943,0.5374487472524583
ENN,0.82135674,0.2713911972914743,0.9366197183098592,0.6003310198831076
ENN,0.82135674,0.2713911972914743,0.9366197183098592,0.6003310198831076
ENN,0.82135674,0.2899353647276085,0.7394366197183099,0.5122031394841744
ENN,0.82135674,0.9890735610957218,0.0,0.5
TL,0.82135674,0.9032009849184364,0.5352112676056338,0.7212387441186718
TL,0.82135674,0.8914281317328409,0.6338028169014085,0.7640384864030927
TL,0.82135674,0.7403816558941213,0.6267605633802817,0.6841987039711429
TL,0.82135674,0.9890735610957218,0.0,0.5
TL,0.82135674,0.9291320406278856,0.5352112676056338,0.7343475040377632
TL,0.82135674,0.9256694367497692,0.5985915492957746,0.7639371314239881
TL,0.82135674,0.7160664819944599,0.647887323943662,0.6823534954866902
TL,0.82135674,0.9892274546014158,0.0352112676056338,0.5174889386106588
TL,0.82135674,0.2713911972914743,0.9366197183098592,0.6003310198831076
TL,0.82135674,0.2713911972914743,0.9366197183098592,0.6003310198831076
TL,0.82135674,0.2899353647276085,0.7394366197183099,0.5122031394841744
TL,0.82135674,0.9890735610957218,0.0,0.5
NONE,0.82135674,0.9032009849184364,0.5352112676056338,0.7212387441186718
NONE,0.82135674,0.8914281317328409,0.6338028169014085,0.7640384864030927
NONE,0.82135674,0.7403816558941213,0.6267605633802817,0.6841987039711429
NONE,0.82135674,0.9890735610957218,0.0,0.5
NONE,0.82135674,0.9295167743921208,0.5422535211267606,0.7380242243878707
NONE,0.82135674,0.927900892582333,0.5915492957746479,0.7615829565850055
NONE,0.82135674,0.7177593105570945,0.647887323943662,0.6832092602291828
NONE,0.82135674,0.9891505078485688,0.0492957746478873,0.5244144969396274
NONE,0.82135674,0.2713911972914743,0.9366197183098592,0.6003310198831076
NONE,0.82135674,0.2713911972914743,0.9366197183098592,0.6003310198831076
NONE,0.82135674,0.2899353647276085,0.7394366197183099,0.5122031394841744
NONE,0.82135674,0.9890735610957218,0.0,0.5
ROS,0.82135674,0.8856571252693136,0.6619718309859155,0.7750500200518499
ROS,0.82135674,0.8829639889196675,0.6971830985915493,0.7910997179592257
ROS,0.82135674,0.7407663896583564,0.5845070422535211,0.6634998257790089
ROS,0.82135674,0.853185595567867,0.7887323943661971,0.8213150068921384
ROS,0.82135674,0.9238996614342876,0.5915492957746479,0.7595602399209321
ROS,0.82135674,0.9218990458602648,0.6338028169014085,0.7794422517679596
ROS,0.82135674,0.7251461988304093,0.647887323943662,0.6869435063782414
ROS,0.82135674,0.9031240381655894,0.8309859154929577,0.8674534369747346
ROS,0.82135674,0.2713911972914743,0.9366197183098592,0.6003310198831076
ROS,0.82135674,0.2713911972914743,0.9366197183098592,0.6003310198831076
ROS,0.82135674,0.2891658971991382,0.7394366197183099,0.5118141555103142
ROS,0.82135674,0.2686211141889812,0.9295774647887324,0.5954484492140333
SMOTE,0.82135674,0.935441674361342,0.2183098591549295,0.5808368962804367
SMOTE,0.82135674,0.9063558017851646,0.3309859154929577,0.6218489558793558
SMOTE,0.82135674,0.7298399507540781,0.6197183098591549,0.6753873951660797
SMOTE,0.82135674,0.8864265927977839,0.6056338028169014,0.7475811771202915
SMOTE,0.82135674,0.94559864573715,0.1690140845070422,0.5615958861931508
SMOTE,0.82135674,0.938211757463835,0.3028169014084507,0.6240239789444618
SMOTE,0.82135674,0.7185287780855648,0.6619718309859155,0.6905627009293978
SMOTE,0.82135674,0.9168205601723608,0.676056338028169,0.7977683277195459
SMOTE,0.82135674,0.27331486611265,0.9295774647887324,0.597821251454581
SMOTE,0.82135674,0.27331486611265,0.9295774647887324,0.597821251454581
SMOTE,0.82135674,0.2891658971991382,0.7394366197183099,0.5118141555103142
SMOTE,0.82135674,0.2690827947060634,0.9295774647887324,0.5956818395983494
ADA,0.82135674,0.9348261003385656,0.2183098591549295,0.5805257091013484
ADA,0.82135674,0.8431825176977532,0.3943661971830985,0.6212534268940233
ADA,0.82135674,0.7149892274546014,0.6619718309859155,0.6887733746496405
ADA,0.82135674,0.8741151123422591,0.647887323943662,0.7622508037175911
ADA,0.82135674,0.9464450600184672,0.1690140845070422,0.5620237685643971
ADA,0.82135674,0.9397506925207756,0.2535211267605634,0.600426348349941
ADA,0.82135674,0.7122960911049554,0.6549295774647887,0.6839297023779521
ADA,0.82135674,0.922437673130194,0.6619718309859155,0.7936434540023712
ADA,0.82135674,0.27331486611265,0.9295774647887324,0.597821251454581
ADA,0.82135674,0.27331486611265,0.9295774647887324,0.597821251454581
ADA,0.82135674,0.2899353647276085,0.7394366197183099,0.5122031394841744
ADA,0.82135674,0.2690827947060634,0.9295774647887324,0.5956818395983494
NONE,0.95271837,0.910211105483678,0.4934010152284264,0.704196054295472
NONE,0.95271837,0.8702518532160781,0.5593908629441624,0.7166038386393048
NONE,0.95271837,0.7621149684607947,0.6472081218274112,0.7053204223485474
NONE,0.95271837,0.9886965329895484,0.0065989847715736,0.5032791177248793
NONE,0.95271837,0.910211105483678,0.4934010152284264,0.704196054295472
NONE,0.95271837,0.8702518532160781,0.5593908629441624,0.7166038386393048
NONE,0.95271837,0.7621149684607947,0.6472081218274112,0.7053204223485474
NONE,0.95271837,0.9886965329895484,0.0065989847715736,0.5032791177248793
NONE,0.95271837,0.9211289654219807,0.4903553299492386,0.708212208756855
NONE,0.95271837,0.905278788157834,0.531979695431472,0.720769743164619
NONE,0.95271837,0.7653149316266863,0.6482233502538071,0.7074405454392763
NONE,0.95271837,0.9887080436484184,0.0116751269035532,0.5057939034641179
NONE,0.95271837,0.3412162162162162,0.798984771573604,0.5674756436368678
NONE,0.95271837,0.3404277360836134,0.798984771573604,0.567076882416251
NONE,0.95271837,0.5388081863805885,0.4685279187817259,0.5040710404587281
NONE,0.95271837,0.988662001012938,0.0,0.5
ROS,0.95271837,0.8632706386113541,0.584263959390863,0.7253671265676299
ROS,0.95271837,0.8624418711727059,0.5893401015228427,0.7274569550936563
ROS,0.95271837,0.7628228739813067,0.6472081218274112,0.7056784342473494
ROS,0.95271837,0.8356910999585616,0.6842639593908629,0.7608458146723207
ROS,0.95271837,0.9001507896311985,0.5593908629441624,0.7317247476984611
ROS,0.95271837,0.899690363276394,0.5680203045685279,0.7357571339237838
ROS,0.95271837,0.7656832727105299,0.650253807106599,0.7086304138163073
ROS,0.95271837,0.8733194438049634,0.6766497461928934,0.7761123013485337
ROS,0.95271837,0.332594732722501,0.8065989847715737,0.5668789128140039
ROS,0.95271837,0.3326062433813711,0.8065989847715737,0.5668847341456918
ROS,0.95271837,0.5522583912703163,0.4649746192893401,0.50911699145068
ROS,0.95271837,0.3275070215019107,0.7984771573604061,0.5602915411558991
SMOTE,0.95271837,0.9484207376030204,0.3177664974619289,0.6367097963319938
SMOTE,0.95271837,0.8927494359777154,0.3873096446700507,0.6429277380072146
SMOTE,0.95271837,0.7651422717436346,0.6441624365482234,0.7053460539379182
SMOTE,0.95271837,0.8760589806160505,0.5675126903553299,0.7235550435278997
SMOTE,0.95271837,0.9577155946406372,0.3111675126903553,0.6381488679401061
SMOTE,0.95271837,0.9470970118329574,0.3380710659898477,0.646076200818095
SMOTE,0.95271837,0.7673177862700861,0.6517766497461929,0.7102097322382452
SMOTE,0.95271837,0.9216066577650904,0.5126903553299492,0.7194932374151229
SMOTE,0.95271837,0.3344364381417192,0.8050761421319796,0.5670576365617926
SMOTE,0.95271837,0.3344249274828491,0.8050761421319796,0.5670518152301047
SMOTE,0.95271837,0.5395391132188406,0.4680203045685279,0.5041897985801506
SMOTE,0.95271837,0.2725321147382476,0.8258883248730965,0.5460372688155635
ADA,0.95271837,0.9469128412910356,0.3203045685279188,0.6372016840846624
ADA,0.95271837,0.8798057000782725,0.4213197969543147,0.6531917120548314
ADA,0.95271837,0.7598243473456421,0.650253807106599,0.7056673559871983
ADA,0.95271837,0.8811466918366407,0.5624365482233502,0.7236191077263727
ADA,0.95271837,0.9576637966757218,0.3177664974619289,0.6413843256773267
ADA,0.95271837,0.9053133201344444,0.3482233502538071,0.6299626956063485
ADA,0.95271837,0.7600833371702196,0.6598984771573604,0.7105653683245209
ADA,0.95271837,0.8781654311892813,0.6223350253807106,0.7517171628283208
ADA,0.95271837,0.3419586537133385,0.7979695431472081,0.5673493266492231
ADA,0.95271837,0.3419471430544684,0.7979695431472081,0.5673435053175354
ADA,0.95271837,0.5325751646024218,0.4756345177664974,0.5044313395203354
ADA,0.95271837,0.659911828353055,0.4294416243654822,0.54599824520832
RUS,0.95271837,0.7598013260279018,0.8010152284263959,0.7801719562280773
RUS,0.95271837,0.7591567291311755,0.7385786802030457,0.7489856994406854
RUS,0.95271837,0.7588804733182928,0.6416243654822334,0.7009247672959595
RUS,0.95271837,0.7201125742437497,0.749746192893401,0.734759464052154
RUS,0.95271837,0.7734702334361618,0.8111675126903554,0.792102716422485
RUS,0.95271837,0.7638300566324416,0.7421319796954314,0.7531054351912326
RUS,0.95271837,0.7617351167180809,0.650253807106599,0.7066336970473792
RUS,0.95271837,0.714161563607901,0.7852791878172589,0.7493125864223968
RUS,0.95271837,0.3174697269671716,0.8203045685279188,0.5660038868765731
RUS,0.95271837,0.3175848335558727,0.8203045685279188,0.5660621001934514
RUS,0.95271837,0.5380197062479857,0.4685279187817259,0.5036722792381112
RUS,0.95271837,0.1651376674800865,0.9045685279187816,0.5306131924850803
ENN,0.95271837,0.9052097242046134,0.5243654822335025,0.7169713685631658
ENN,0.95271837,0.8706662369354021,0.5583756345177665,0.7163116136985568
ENN,0.95271837,0.759312123025922,0.6527918781725889,0.7066627889308649
ENN,0.95271837,0.9884317878355358,0.0096446700507614,0.5046506057405896
ENN,0.95271837,0.9208872415857084,0.516243654822335,0.7208856792699188
ENN,0.95271837,0.9049392237211658,0.5390862944162437,0.7241105640503986
ENN,0.95271837,0.7617581380358212,0.6568527918781726,0.7099069934405707
ENN,0.95271837,0.9880289147750816,0.0263959390862944,0.5127264416764324
ENN,0.95271837,0.3416190892766702,0.7974619289340101,0.5669267009236769
ENN,0.95271837,0.3404277360836134,0.798984771573604,0.567076882416251
ENN,0.95271837,0.5388139417100235,0.4685279187817259,0.504073951124572
ENN,0.95271837,0.988662001012938,0.0,0.5
TL,0.95271837,0.907995303651181,0.4964467005076142,0.7045808265900938
TL,0.95271837,0.8701827892628574,0.5563451776649746,0.7150635320046473
TL,0.95271837,0.7623048943321515,0.6467005076142132,0.7051655778806416
TL,0.95271837,0.9886850223306782,0.0065989847715736,0.5032732963931914
TL,0.95271837,0.9207088263732216,0.4862944162436548,0.7059925586242083
TL,0.95271837,0.9051118836042176,0.534010152284264,0.7216889196181656
TL,0.95271837,0.7646530687416547,0.6492385786802031,0.7076076117487359
TL,0.95271837,0.9886504903540678,0.0111675126903553,0.5055139003649237
TL,0.95271837,0.3412162162162162,0.798984771573604,0.5674756436368678
TL,0.95271837,0.3404277360836134,0.798984771573604,0.567076882416251
TL,0.95271837,0.5388081863805885,0.4685279187817259,0.5040710404587281
TL,0.95271837,0.988662001012938,0.0,0.5
RUS,0.8737736,0.7949558556219164,0.8953646898432175,0.8398757868388076
RUS,0.8737736,0.7673656193196572,0.9158145875937288,0.8337772801640881
RUS,0.8737736,0.7000129836406128,0.5507839127471029,0.6332523280460778
RUS,0.8737736,0.691249026226954,0.7808452624403545,0.7313317221292682
RUS,0.8737736,0.8500714100233705,0.8953646898432175,0.8703342786232662
RUS,0.8737736,0.8226110101272397,0.8899113837764144,0.8527191990992281
RUS,0.8737736,0.7656452869384576,0.7048398091342877,0.7384427215291874
RUS,0.8737736,0.7745390807582446,0.8197000681663258,0.7947427656609773
RUS,0.8737736,0.8621786548948325,0.4976141785957736,0.6990833323918095
RUS,0.8737736,0.8621786548948325,0.4976141785957736,0.6990833323918095
RUS,0.8737736,0.8621786548948325,0.4976141785957736,0.6990833323918095
RUS,0.8737736,0.8621786548948325,0.4976141785957736,0.6990833323918095
ENN,0.8737736,0.8337120228512075,0.8384458077709611,0.8358297776746748
ENN,0.8737736,0.8247208517268242,0.896387184730743,0.8567822412855121
ENN,0.8737736,0.6914437808361464,0.5835037491479209,0.6431546154794637
ENN,0.8737736,0.8840560893274474,0.3156100886162236,0.6297502261980451
ENN,0.8737736,0.9034990911451573,0.825494205862304,0.8686020214932529
ENN,0.8737736,0.8902233186185406,0.880027266530334,0.8856619076427231
ENN,0.8737736,0.7567514931186705,0.7177914110429447,0.7393219091520958
ENN,0.8737736,0.916969618280966,0.5405589638718473,0.7485746674134296
ENN,0.8737736,0.8621786548948325,0.4976141785957736,0.6990833323918095
ENN,0.8737736,0.8621786548948325,0.4976141785957736,0.6990833323918095
ENN,0.8737736,0.8621786548948325,0.4976141785957736,0.6990833323918095
ENN,0.8737736,0.8621786548948325,0.4976141785957736,0.6990833323918095
TL,0.8737736,0.8396844975331083,0.7808452624403545,0.8133615707337023
TL,0.8737736,0.82653856141262,0.8820722563053851,0.8513826876705227
TL,0.8737736,0.7024474162555181,0.5374914792092707,0.628651027686719
TL,0.8737736,0.9030446637237082,0.1114519427402863,0.5489095833382855
TL,0.8737736,0.920215528434173,0.7665303340149966,0.8514613354799098
TL,0.8737736,0.9012594131394444,0.8677573278800272,0.8862715748964605
TL,0.8737736,0.76584004154765,0.7058623040218133,0.7390077825626753
TL,0.8737736,0.9278434172942092,0.4798909338786639,0.7274427762598457
TL,0.8737736,0.8621786548948325,0.4976141785957736,0.6990833323918095
TL,0.8737736,0.8621786548948325,0.4976141785957736,0.6990833323918095
TL,0.8737736,0.8621786548948325,0.4976141785957736,0.6990833323918095
TL,0.8737736,0.9047649961049078,0.0,0.5
NONE,0.8737736,0.8399117112438328,0.78186775732788,0.813944569630432
NONE,0.8737736,0.8270579070371332,0.8755964553510566,0.8487726124068191
NONE,0.8737736,0.7021228252401973,0.5374914792092707,0.6284716490543016
NONE,0.8737736,0.903888600363542,0.0869120654396728,0.5383975552856685
NONE,0.8737736,0.9204427421448974,0.7678936605316974,0.8521968123279854
NONE,0.8737736,0.9013892495455724,0.8687798227675528,0.886800760203465
NONE,0.8737736,0.7669761101012724,0.7048398091342877,0.7391781739220983
NONE,0.8737736,0.9273240716696962,0.50920245398773,0.7402688742637222
NONE,0.8737736,0.8621786548948325,0.4976141785957736,0.6990833323918095
NONE,0.8737736,0.8621786548948325,0.4976141785957736,0.6990833323918095
NONE,0.8737736,0.8621786548948325,0.4976141785957736,0.6990833323918095
NONE,0.8737736,0.9047649961049078,0.0,0.5
ROS,0.8737736,0.8268306933264087,0.8991138377641446,0.8591680260069915
ROS,0.8737736,0.8282913528953518,0.9011588275391956,0.8608900975609445
ROS,0.8737736,0.7003700337574656,0.543626448534424,0.6302476075634738
ROS,0.8737736,0.7921643728901584,0.7689161554192229,0.7817638106507034
ROS,0.8737736,0.900220721890418,0.878323108384458,0.8904243797644469
ROS,0.8737736,0.9039859776681382,0.8687798227675528,0.8882357892628034
ROS,0.8737736,0.7675279148273175,0.7055214723926381,0.7397880734998994
ROS,0.8737736,0.8203388730199948,0.8534423994546694,0.8351484078782997
ROS,0.8737736,0.8621786548948325,0.4976141785957736,0.6990833323918095
ROS,0.8737736,0.8621786548948325,0.4976141785957736,0.6990833323918095
ROS,0.8737736,0.8621786548948325,0.4976141785957736,0.6990833323918095
ROS,0.8737736,0.8621786548948325,0.4976141785957736,0.6990833323918095
SMOTE,0.8737736,0.8560763438068034,0.6741649625085208,0.7746945928995213
SMOTE,0.8737736,0.8496169826019215,0.6809815950920245,0.7741745171413341
SMOTE,0.8737736,0.7008893793819787,0.5429447852760736,0.6302296574726497
SMOTE,0.8737736,0.7963515969877953,0.6987048398091343,0.7526673370316389
SMOTE,0.8737736,0.9432290314204104,0.7569870483980914,0.8599098978806127
SMOTE,0.8737736,0.9373863931446378,0.7590320381731425,0.8575959502051763
SMOTE,0.8737736,0.7580498571799532,0.7102931152010906,0.7366849087521561
SMOTE,0.8737736,0.8438392625292132,0.7784594410361282,0.8145902715692229
SMOTE,0.8737736,0.8621786548948325,0.4976141785957736,0.6990833323918095
SMOTE,0.8737736,0.8621786548948325,0.4976141785957736,0.6990833323918095
SMOTE,0.8737736,0.8621786548948325,0.4976141785957736,0.6990833323918095
SMOTE,0.8737736,0.8621786548948325,0.4976141785957736,0.6990833323918095
ADA,0.8737736,0.8528304336535965,0.7075664621676891,0.7878436458072428
ADA,0.8737736,0.8099519605297325,0.7658486707566462,0.7902214581450591
ADA,0.8737736,0.6992664243053752,0.5664621676891616,0.6398537429534278
ADA,0.8737736,0.7919371591794339,0.7140422631220177,0.7570892954413274
ADA,0.8737736,0.9344975331082837,0.7702794819359237,0.8610312527710758
ADA,0.8737736,0.9209620877694106,0.7736877982276755,0.8550759433127328
ADA,0.8737736,0.7275383017398078,0.7464212678936605,0.7359859801475908
ADA,0.8737736,0.8454946767073488,0.7798227675528289,0.8161150143999346
ADA,0.8737736,0.4204752012464295,0.854464894342195,0.6146293044574576
ADA,0.8737736,0.4204752012464295,0.854464894342195,0.6146293044574576
ADA,0.8737736,0.4204752012464295,0.854464894342195,0.6146293044574576
ADA,0.8737736,0.8621786548948325,0.4976141785957736,0.6990833323918095
RUS,0.78891188,0.6583366388999075,0.6555232558139535,0.6569739364384072
RUS,0.78891188,0.6127198201771784,0.6337209302325582,0.6228920091370054
RUS,0.78891188,0.7608092026973423,0.5523255813953488,0.659827169589543
RUS,0.78891188,0.6703248270086826,0.7049418604651163,0.6870920838164861
RUS,0.78891188,0.6831063510952444,0.6656976744186046,0.6746742087833216
RUS,0.78891188,0.6366961963947287,0.6569767441860465,0.6465193706839963
RUS,0.78891188,0.7458680417823615,0.5843023255813954,0.6676113691449542
RUS,0.78891188,0.6921415663978139,0.7107558139534884,0.701157644261413
RUS,0.78891188,0.6894971131385252,0.4970930232558139,0.5963034317679006
RUS,0.78891188,0.6419410286923178,0.5436046511627907,0.5943103933964946
RUS,0.78891188,0.6439684428577724,0.4767441860465116,0.5629709748922618
RUS,0.78891188,0.548988496628322,0.6046511627906976,0.5759495075805222
ENN,0.78891188,0.8645158446824452,0.2369186046511628,0.5605301172885377
ENN,0.78891188,0.779672969280268,0.3255813953488372,0.5597272005606511
ENN,0.78891188,0.7378465335625193,0.6002906976744186,0.6712193909262052
ENN,0.78891188,0.9670324827008684,0.0537790697674418,0.5246850896312324
ENN,0.78891188,0.8938692758605492,0.1816860465116279,0.5489131109790992
ENN,0.78891188,0.8453435585526026,0.2805232558139535,0.5717647414018179
ENN,0.78891188,0.7286350213759972,0.6148255813953488,0.673509786288784
ENN,0.78891188,0.967869892899643,0.0610465116279069,0.5286369779174942
ENN,0.78891188,0.7398298735069858,0.4491279069767442,0.5990242052951081
ENN,0.78891188,0.7338798536735863,0.4636627906976744,0.6029963423966986
ENN,0.78891188,0.6261183833575742,0.4956395348837209,0.5629190811094211
ENN,0.78891188,0.9696769359601568,0.0,0.5
TL,0.78891188,0.886773326281458,0.1497093023255813,0.5297657915654996
TL,0.78891188,0.7870774384062762,0.2805232558139535,0.5417206524967682
TL,0.78891188,0.744501740931729,0.5915697674418605,0.6704269454453974
TL,0.78891188,0.9699413812860858,0.0116279069767441,0.5057685010089393
TL,0.78891188,0.9105293313940676,0.1337209302325581,0.5342710373629952
TL,0.78891188,0.849750980651417,0.251453488372093,0.5599570064468529
TL,0.78891188,0.7367446780378157,0.6075581395348837,0.6741713246649464
TL,0.78891188,0.9692361937502756,0.0508720930232558,0.5244133657243909
TL,0.78891188,0.6992815901978933,0.4912790697674418,0.5985325851996156
TL,0.78891188,0.6548547754418441,0.5334302325581395,0.5960410560090821
TL,0.78891188,0.6469214156639781,0.4738372093023256,0.5630855970605987
TL,0.78891188,0.9696769359601568,0.0,0.5
NONE,0.78891188,0.8951915024901935,0.1555232558139535,0.5369225751366481
NONE,0.78891188,0.7843448367050112,0.2892441860465116,0.5445357333123336
NONE,0.78891188,0.7448102604786461,0.5901162790697675,0.6698820111770819
NONE,0.78891188,0.9699413812860858,0.0116279069767441,0.5057685010089393
NONE,0.78891188,0.912468597117546,0.1235465116279069,0.5303428662862046
NONE,0.78891188,0.8484728282427608,0.2441860465116279,0.5557778557634273
NONE,0.78891188,0.7371854202476972,0.6046511627906976,0.6729905511694501
NONE,0.78891188,0.969985455507074,0.0319767441860465,0.5156474784972777
NONE,0.78891188,0.6992815901978933,0.4912790697674418,0.5985325851996156
NONE,0.78891188,0.6548547754418441,0.5334302325581395,0.5960410560090821
NONE,0.78891188,0.6469214156639781,0.4738372093023256,0.5630855970605987
NONE,0.78891188,0.9696769359601568,0.0,0.5
ROS,0.78891188,0.7725770197011768,0.311046511627907,0.549028096503013
ROS,0.78891188,0.7803340825950902,0.2906976744186046,0.5431716634444735
ROS,0.78891188,0.7489091630305434,0.5857558139534884,0.6698834976317145
ROS,0.78891188,0.7656573670060381,0.5072674418604651,0.6405024996221103
ROS,0.78891188,0.8330909251178985,0.2616279069767442,0.5562946134583735
ROS,0.78891188,0.8398783551500727,0.2281976744186046,0.5436020416091023
ROS,0.78891188,0.7407995063687249,0.6017441860465116,0.6734460669335326
ROS,0.78891188,0.7869011415223236,0.4796511627906977,0.6380802061851311
ROS,0.78891188,0.6806822689408965,0.5087209302325582,0.5973903273952665
ROS,0.78891188,0.6790515227643351,0.5116279069767442,0.5979574924184208
ROS,0.78891188,0.6469214156639781,0.4738372093023256,0.5630855970605987
ROS,0.78891188,0.5833663889990744,0.5930232558139535,0.5880438309886549
SMOTE,0.78891188,0.6925382343867073,0.438953488372093,0.5697108244551252
SMOTE,0.78891188,0.4940279430561065,0.5406976744186046,0.5166330970156747
SMOTE,0.78891188,0.7474106395169465,0.6017441860465116,0.6768550028909891
SMOTE,0.78891188,0.7828903874124025,0.4011627906976744,0.5979951492691136
SMOTE,0.78891188,0.7648199568072634,0.377906976744186,0.5774131038441171
SMOTE,0.78891188,0.7423421041033099,0.3270348837209302,0.5411820934672102
SMOTE,0.78891188,0.7354665256291595,0.6177325581395349,0.6784403893374825
SMOTE,0.78891188,0.8276257217153686,0.3866279069767442,0.6140221031179344
SMOTE,0.78891188,0.6863237692273789,0.4796511627906977,0.5862189271523599
SMOTE,0.78891188,0.6862796950063907,0.4781976744186046,0.5854921829663134
SMOTE,0.78891188,0.6469214156639781,0.4738372093023256,0.5630855970605987
SMOTE,0.78891188,0.5635770637753977,0.6351744186046512,0.5982562697995757
ADA,0.78891188,0.6995901097448103,0.4345930232558139,0.571234968970755
ADA,0.78891188,0.6965489884966283,0.4113372093023256,0.5584025712890429
ADA,0.78891188,0.7391687601921636,0.6075581395348837,0.6754212678493472
ADA,0.78891188,0.7468817488650888,0.4622093023255814,0.6089965651666996
ADA,0.78891188,0.7512891709639032,0.3822674418604651,0.5725482020901799
ADA,0.78891188,0.738683943761294,0.3619186046511627,0.5561922462826743
ADA,0.78891188,0.7319846621710961,0.6148255813953488,0.6752369805072286
ADA,0.78891188,0.7908678214112566,0.436046511627907,0.6190050293697009
ADA,0.78891188,0.702851602097933,0.4273255813953488,0.5693966209781163
ADA,0.78891188,0.7029838247608974,0.4215116279069767,0.5666487279119449
ADA,0.78891188,0.6338313720304993,0.4883720930232558,0.5633760833281363
ADA,0.78891188,0.5968971748424347,0.5813953488372093,0.5893886430109414
